1,Jacob,Sellers,F,60,Maria Berg,WA,Home Office
2,Joshua,Johnson,M,40,Johnson Furt,WA,Home Office
3,Jesse,Berger,NA,41,Lake Ashlee,CA,Corporate
4,Amanda,Mann,NA,69,Fuller Land,CA,Consumer
5,Diane,Rasmussen,F,58,East Suzanne,CA,Consumer
6,Dawn,Wells,F,40,Lisa Shire,CA,Corporate
7,Mark,Hanson,F,70,Carter Fort,CA,Home Office
8,Krystal,Taylor,F,60,South Jill Town,WA,Home Office
9,Amanda,Gordon,NA,68,Hill Haven,CA,Home Office
10,Christina,Thornton,F,42,East James,OR,Corporate
11,Jesse,Ramos,NA,38,Lake Ryan Ville,Missing State,Consumer
12,Lisa,Stone,F,73,Moore Port,WA,Consumer
13,Janice,Willis,M,69,Christopher Mouth,OR,Corporate
14,Phillip,Davis,F,37,Dean Chester,OR,Corporate
15,Mark,Scott,M,59,Porter View,CA,Home Office
16,Dustin,Cardenas,NA,53,Lake Kristina Stad,OR,Corporate
17,Amy,Rodriguez,F,69,South Keith,WA,Corporate
18,Hannah,Webb,NA,42,Port Jonathan,WA,Corporate
19,Mark,Rodriguez,F,66,Port Sarah,Missing State,Corporate
20,Mary,Davis,NA,53,Lake Annette,WA,Home Office
21,Madison,Harper,NA,73,East Marcus,CA,Consumer
22,Katie,Woods,F,48,New Edward Port,CA,Corporate
23,Travis,Arroyo,M,28,West William View,Missing State,Missing Segment
24,Sharon,Williams,F,70,South Susan,WA,Consumer
25,Brian,Blair,NA,46,South Edward Furt,CA,Missing Segment
26,Jason,Patton,M,61,Port Krista,WA,Corporate
27,Michael,Smith,M,69,Ferguson Side,CA,Consumer
28,Valerie,Turner,NA,66,North Dawn,CA,Consumer
29,George,Berg,NA,36,Lake Charles Side,CA,Missing Segment
30,Amanda,Keller,M,45,Whiteton,WA,Missing Segment
31,Ryan,Pittman,F,23,Rita Borough,WA,Home Office
32,Nicholas,Farmer,M,65,North Terry View,WA,Home Office
33,Ian,Phillips,M,24,Michele Chester,CA,Corporate
34,Cristian,Williams,M,34,Port Alison Mouth,WA,Consumer
35,Carmen,Johnson,NA,19,Webb Side,OR,Missing Segment
36,Jared,Lyons,F,32,West Kimberly Mouth,WA,Consumer
37,Jonathan,Anderson,F,72,Shields Fort,OR,Consumer
38,Julie,Chavez,NA,73,East Jason Side,OR,Consumer
39,Michael,Clark,M,32,Thomas Shire,WA,Missing Segment
40,Ashley,Robbins,NA,53,West Dennis,WA,Home Office
41,Andrew,Tapia,NA,28,North Robert Furt,OR,Corporate
42,Victor,Glenn,M,32,Lake James View,CA,Home Office
43,Gregory,Paul,NA,57,South Kim,OR,Consumer
44,Leonard,Harris,M,32,Jon Stad,WA,Home Office
45,Joseph,Sullivan,M,61,West Kevin Berg,CA,Home Office
46,Andre,Winters,M,28,New Heather,WA,Corporate
47,Samantha,Jones,NA,35,West Matthew Mouth,CA,Corporate
48,Megan,Miller,M,36,Mccarthy View,WA,Consumer
49,Caroline,Welch,F,50,East Joel,WA,Home Office
50,Chris,Tyler,M,53,Hicks Port,OR,Missing Segment
51,James,Montgomery,F,34,New Stacy,OR,Corporate
52,Brenda,Roth,F,32,Port James Port,WA,Corporate
53,Jason,Arnold,M,69,New Zachary Furt,CA,Consumer
54,Sean,Taylor,NA,52,Carter Burgh,CA,Consumer
55,Ryan,Campbell,F,49,West Kimberly Land,WA,Consumer
56,Diane,Ramos,M,33,New Kimberly Shire,CA,Consumer
57,Cody,Gardner,NA,30,Joseph Mouth,OR,Consumer
58,Michael,Hernandez,F,34,East Emma Mouth,WA,Consumer
59,Larry,Carter,M,47,South Sharon Borough,Missing State,Home Office
60,Christine,Lewis,NA,40,New Benjamin Haven,CA,Consumer
61,Chris,Brown,M,62,Davis Port,OR,Consumer
62,Karen,Norman,M,67,Abbottbury,CA,Consumer
63,Sandra,Richardson,NA,75,Lake Kevin Chester,CA,Corporate
64,Steven,Jensen,F,43,West Janetton,CA,Consumer
65,Charles,Richardson,NA,30,Lake Douglas View,WA,Corporate
66,Chad,Lang,NA,62,Roberts Land,WA,Corporate
67,Corey,Stokes,M,19,Johnson Mouth,WA,Consumer
68,Rita,Villanueva,M,65,Donna Stad,CA,Home Office
69,Christopher,Castaneda,NA,45,Crawford Side,CA,Consumer
70,Kristie,Leon,M,51,Anthony Ville,Missing State,Home Office
71,Randall,Vazquez,F,44,Harrison Borough,CA,Home Office
72,Vickie,Nelson,F,23,John Side,Missing State,Corporate
73,Philip,Giles,NA,50,Miller View,WA,Consumer
74,Meredith,Brown,M,55,Dawn Borough,Missing State,Consumer
75,Tyler,Bradley,M,66,Barbara Chester,CA,Consumer
76,Ashlee,Green,M,60,Rios Port,CA,Corporate
77,Alexa,Ortiz,M,55,Browning Mouth,WA,Consumer
78,James,Ross,NA,58,Brandon Mouth,OR,Corporate
79,Sara,Fleming,NA,57,Lake Tracey Haven,WA,Home Office
80,Anne,Hatfield,NA,50,Emily Fort,WA,Home Office
81,Melissa,Thompson,NA,44,Robert Side,CA,Home Office
82,Samantha,Bryant,M,19,Fuller Furt,WA,Consumer
83,Michael,Gutierrez,NA,52,Hall Mouth,Missing State,Consumer
84,Miranda,Smith,M,37,Graham Ville,WA,Corporate
85,John,Ward,NA,36,Maureen Shire,OR,Consumer
86,Derek,Bailey,M,58,Jones Port,CA,Consumer
87,Kenneth,Stevens,F,26,Sara Haven,CA,Consumer
88,Hannah,Carter,M,37,North Jeffrey Shire,OR,Corporate
89,Nicholas,Watkins,NA,66,Port Elizabeth,WA,Consumer
90,Tyler,Sampson,M,70,Melissa Fort,CA,Consumer
91,Sally,Dominguez,F,35,South Michael Town,CA,Corporate
92,Robyn,Warren,F,20,Smith Fort,WA,Corporate
93,Marcus,White,F,25,Katrina Side,OR,Home Office
94,Jacob,Scott,F,48,Frances Stad,WA,Home Office
95,Walter,Johnson,M,38,North Kurt,WA,Missing Segment
96,Eric,Smith,M,64,New Jennifer,CA,Consumer
97,Emily,Miller,M,61,West Ericton,WA,Home Office
98,Monica,Fleming,M,60,North April Borough,CA,Consumer
99,Joseph,Walker,NA,25,North Alanton,CA,Consumer
100,Bethany,Mccarthy,NA,49,Port Katherineton,Missing State,Consumer
101,Teresa,Mitchell,M,22,Michaelton,OR,Consumer
102,Michael,Alvarez,NA,38,New Christopher Furt,Missing State,Home Office
103,Elizabeth,Gonzales,NA,27,Taylor Shire,OR,Consumer
104,Judith,Martinez,NA,63,New Luke,Missing State,Home Office
105,Andrea,Miller,NA,60,Lake Mia,OR,Home Office
106,Nicole,Morris,M,32,North Christopher,CA,Home Office
107,Carol,Anderson,NA,26,Lake Nicole,CA,Consumer
108,Ryan,Garcia,NA,50,Henderson Borough,WA,Missing Segment
109,Juan,Gilmore,NA,72,Port Amy Town,WA,Consumer
110,David,Mcdowell,M,53,Daniel Town,CA,Consumer
111,Christopher,Hays,M,32,North Alexander,WA,Missing Segment
112,Eric,Bowers,F,64,Port Shawn Haven,CA,Home Office
113,Cynthia,Rose,M,44,New James,CA,Corporate
114,Erica,Arnold,M,60,New Christopher Berg,WA,Consumer
115,Reginald,Meadows,NA,60,East Selena Fort,OR,Consumer
116,Christopher,Collins,NA,19,South Jeffrey Town,OR,Consumer
117,Tammy,Boyer,M,72,Anderson Mouth,CA,Home Office
118,Christina,Lyons,M,46,Port Melanie Town,WA,Corporate
119,Gregory,Anderson,NA,24,South Nathan,WA,Corporate
120,Robert,Acosta,NA,57,Lake Kayla Fort,CA,Consumer
121,Jennifer,West,F,75,Eric Mouth,OR,Home Office
122,Nichole,Harris,M,33,Richard Ville,OR,Consumer
123,Miranda,Benton,F,70,New Jennifer Chester,WA,Consumer
124,Gina,Suarez,F,23,Wood Ville,CA,Consumer
125,Susan,Ross,NA,21,West Leslie View,CA,Missing Segment
126,Alyssa,Russell,F,37,Lake Devin,CA,Consumer
127,Robert,Wood,M,65,Jones Town,Missing State,Home Office
128,Dawn,Eaton,NA,66,Maddoxbury,WA,Consumer
129,Julie,Daniels,F,68,West Dillon,CA,Corporate
130,Cindy,Lamb,M,64,Greene Chester,WA,Corporate
131,Rachel,Foster,NA,43,Buchanan Shire,CA,Home Office
132,Angela,Lee,NA,72,Nguyen Mouth,CA,Corporate
133,Ashley,Jenkins,NA,75,Lawrence Furt,CA,Missing Segment
134,Scott,Barrett,M,22,Port Cody,CA,Corporate
135,Stephanie,Johnston,M,28,Stephen Town,CA,Corporate
136,Geoffrey,Long,F,29,Gonzalez Chester,Missing State,Home Office
137,Frederick,Vasquez,NA,63,Jennings Fort,WA,Consumer
138,Sandra,Hopkins,F,53,North Amy Port,WA,Consumer
139,Ashley,Baker,F,30,South Diana Port,WA,Consumer
140,Brian,Morales,F,65,South Kevin Burgh,Missing State,Consumer
141,James,Floyd,NA,33,Chung Burgh,WA,Consumer
142,Victoria,Miller,NA,48,West William View,CA,Corporate
143,Jeffrey,Watts,F,29,South Adam,CA,Home Office
144,Brian,Campbell,F,63,Lake Sheila,CA,Consumer
145,Jacob,Jordan,M,26,Kara Stad,WA,Home Office
146,Lindsey,Morales,NA,69,Jason Burgh,CA,Consumer
147,Rebecca,Johnson,NA,32,West Carla,CA,Consumer
148,Jennifer,Morris,NA,29,Martin Ville,WA,Missing Segment
149,Brian,Nielsen,M,47,Jason Mouth,WA,Consumer
150,Dawn,Patel,M,65,Rivera Stad,CA,Consumer
